"","gender","mean","lower","upper"
"1","Female",0.545822115829401,0.432600148024794,0.653631233231566
"2","Male",0.461652845438441,0.356726085031001,0.566546722763507
