"","gender","mean","lower","upper"
"1","Female",0.555802433157554,0.442776852622814,0.662873531316496
"2","Male",0.461509438662533,0.355621678476528,0.56842615146147
